{"classifiers": ["Development Status :: 3 - Alpha", "Intended Audience :: Developers", "License :: OSI Approved :: MIT License", "Operating System :: OS Independent", "Programming Language :: Python", "Programming Language :: Python :: 2.7", "Programming Language :: Python :: 3", "Programming Language :: Python :: 3.4", "Programming Language :: Python :: 3.5", "Programming Language :: Python :: 3.6", "Topic :: Software Development :: Libraries", "Topic :: Software Development :: Libraries :: Python Modules"], "extensions": {"python.details": {"document_names": {"description": "DESCRIPTION.rst"}, "project_urls": {"Home": "https://github.com/influxdb/influxdb-python"}}}, "extras": ["test"], "generator": "bdist_wheel (0.30.0)", "license": "MIT License", "metadata_version": "2.0", "name": "influxdb", "run_requires": [{"extra": "test", "requires": ["mock", "nose-cov", "nose", "requests-mock"]}, {"requires": ["python-dateutil (>=2.6.0)", "pytz", "requests (>=2.17.0)", "six (>=1.10.0)"]}], "summary": "InfluxDB client", "test_requires": [{"requires": ["mock", "nose", "nose-cov", "requests-mock"]}], "version": "5.2.1"}